{
    "materials":[{
        "colorDiffuse":[0.64,0.64,0.64],
        "opacity":1,
        "depthTest":true,
        "transparent":false,
        "depthWrite":true,
        "wireframe":false,
        "colorEmissive":[0.1472,0.1472,0.1472],
        "shading":"basic",
        "DbgIndex":0,
        "blending":"NormalBlending",
        "DbgName":"Material",
        "visible":true,
        "DbgColor":15658734
    }],
    "metadata":{
        "type":"Geometry",
        "uvs":0,
        "materials":1,
        "vertices":8,
        "normals":8,
        "generator":"io_three",
        "faces":6,
        "version":3
    },
    "normals":[0.577349,-0.577349,-0.577349,0.577349,-0.577349,0.577349,-0.577349,-0.577349,0.577349,-0.577349,-0.577349,-0.577349,0.577349,0.577349,-0.577349,-0.577349,0.577349,-0.577349,-0.577349,0.577349,0.577349,0.577349,0.577349,0.577349],
    "faces":[35,0,1,2,3,0,0,1,2,3,35,4,7,6,5,0,4,5,6,7,35,0,4,5,1,0,0,4,7,1,35,1,5,6,2,0,1,7,6,2,35,2,6,7,3,0,2,6,5,3,35,4,0,3,7,0,4,0,3,5],
    "uvs":[],
    "name":"CubeGeometry.2",
    "vertices":[1,-1,-0.666046,1,-1,1.33395,-1,-1,1.33395,-1,-1,-0.666046,1,1,-0.666045,0.999999,1,1.33396,-1,1,1.33395,-1,1,-0.666046]
}